domain_id,temperature,resid,resname,rmsf,protein_size,normalized_resid,core_exterior,relative_accessibility,dssp,phi,psi,resname_encoded,core_exterior_encoded,secondary_structure_encoded,phi_norm,psi_norm,ESM_Only_rmsf,voxel_rmsf,ensembleflex_LGBM_rmsf,ensembleflex_NN_rmsf_ignore,ensembleflex_NN_rmsf_uncert_ignore,ensembleflex_RF_rmsf,ensembleflex_RF_rmsf_uncertainty,bfactor_norm,instance_key,Attention_ESM_rmsf,Attention_ESM_rmsf_uncertainty,No_ESM_RF_prediction
1r6bX05,320.00000000,653,LEU,0.68632400,99,0.00000000,exterior,0.85365900,C,360.00000000,133.70000000,13,1,2,2.00000000,0.74277800,0.65234400,0.46142600,0.50263000,0.59505700,0.06057100,0.54436200,0.14689800,-1.02867400,1r6bX05@320.0,0.56543000,0.05053700,0.58532820
1r6bX05,320.00000000,654,SER,0.51062100,99,0.01020400,exterior,0.48461500,C,-74.40000000,175.00000000,18,1,2,-0.41333300,0.97222200,0.39819300,0.53906200,0.46335000,0.56179000,0.07881900,0.53226300,0.15397000,-0.31881200,1r6bX05@320.0,0.43408200,0.02798500,0.48059575
1r6bX05,320.00000000,655,THR,0.42794900,99,0.02040800,exterior,0.65493000,H,-70.60000000,-34.30000000,19,1,0,-0.39222200,-0.19055600,0.18640100,0.35156200,0.22256500,0.34483700,0.02591400,0.35077500,0.15456100,-0.02877800,1r6bX05@320.0,0.34375000,0.03506500,0.41192404
1r6bX05,320.00000000,656,ASP,0.36129800,99,0.03061200,exterior,0.77300600,H,-73.50000000,-30.10000000,4,1,0,-0.40833300,-0.16722200,0.24621600,0.19506800,0.21348500,0.26878500,0.02350000,0.28562200,0.13313900,0.10742600,1r6bX05@320.0,0.26684600,0.02490200,0.44571693
1r6bX05,320.00000000,657,VAL,0.27906600,99,0.04081600,exterior,0.35211300,H,-73.90000000,-41.20000000,22,1,0,-0.41055600,-0.22888900,0.23767100,0.19677700,0.18336300,0.20706100,0.03194600,0.25676400,0.10521900,-0.16017500,1r6bX05@320.0,0.21154800,0.03463700,0.26597205
1r6bX05,320.00000000,658,ILE,0.25281700,99,0.05102000,core,0.07100600,H,-59.20000000,-41.50000000,12,0,0,-0.32888900,-0.23055600,0.14367700,0.09698500,0.10393200,0.14218600,0.04841700,0.16374500,0.05976000,-0.22266800,1r6bX05@320.0,0.14794900,0.02024800,0.20964709
1r6bX05,320.00000000,659,HIS,0.23718000,99,0.06122400,exterior,0.25000000,H,-66.10000000,-32.30000000,9,1,0,-0.36722200,-0.17944400,0.07348600,0.11541700,0.10778000,0.12381200,0.04381500,0.15586300,0.04412000,0.01769100,1r6bX05@320.0,0.14294400,0.01637300,0.24420812
1r6bX05,320.00000000,660,GLN,0.19016800,99,0.07142900,exterior,0.69191900,H,-71.60000000,-36.30000000,6,1,0,-0.39777800,-0.20166700,0.19433600,0.19799800,0.13327500,0.17947400,0.02916200,0.18525500,0.06072000,-0.21305400,1r6bX05@320.0,0.16015600,0.01684600,0.28503998
1r6bX05,320.00000000,661,VAL,0.16524600,99,0.08163300,exterior,0.24647900,H,-63.30000000,-42.50000000,22,1,0,-0.35166700,-0.23611100,0.23193400,0.11773700,0.14151700,0.18021800,0.03999600,0.16711400,0.07538700,-0.14094600,1r6bX05@320.0,0.12139900,0.01274100,0.24013283
1r6bX05,320.00000000,662,VAL,0.12222300,99,0.09183700,core,0.00000000,H,-60.90000000,-51.10000000,22,0,0,-0.33833300,-0.28388900,0.12683100,0.09851100,0.08804800,0.14169800,0.04028800,0.12243300,0.05920100,-0.48225600,1r6bX05@320.0,0.09997600,0.01007800,0.15537436
1r6bX05,320.00000000,663,ASP,0.12039300,99,0.10204100,exterior,0.40490800,H,-55.90000000,-46.10000000,4,1,0,-0.31055600,-0.25611100,0.11633300,0.13562000,0.11064200,0.14866600,0.03856100,0.14101300,0.04062600,-0.51911100,1r6bX05@320.0,0.13940400,0.01103200,0.25326055
1r6bX05,320.00000000,664,LYS,0.12759900,99,0.11224500,exterior,0.68292700,H,-53.40000000,-45.70000000,14,1,0,-0.29666700,-0.25388900,0.22314500,0.20922900,0.16403900,0.21036600,0.02884700,0.19537400,0.04820000,-0.63448400,1r6bX05@320.0,0.15124500,0.01143600,0.28702196
1r6bX05,320.00000000,665,PHE,0.12091700,99,0.12244900,exterior,0.26903600,H,-64.90000000,-37.10000000,16,1,0,-0.36055600,-0.20611100,0.14685100,0.12878400,0.12674300,0.15974600,0.03628200,0.13267900,0.03404200,-0.58641200,1r6bX05@320.0,0.13110400,0.01197800,0.23974645
1r6bX05,320.00000000,666,ILE,0.11579500,99,0.13265300,core,0.00000000,H,-69.50000000,-42.90000000,12,0,0,-0.38611100,-0.23833300,0.16503900,0.11102300,0.10492800,0.13494800,0.04466300,0.11376500,0.02420300,-0.22907800,1r6bX05@320.0,0.10363800,0.01414500,0.16297647
1r6bX05,320.00000000,667,VAL,0.12540900,99,0.14285700,exterior,0.42253500,H,-62.00000000,-40.10000000,22,1,0,-0.34444400,-0.22277800,0.08978300,0.23828100,0.15855400,0.15657400,0.03453300,0.17219500,0.06931200,-0.66653200,1r6bX05@320.0,0.14086900,0.01017800,0.26108330
1r6bX05,320.00000000,668,GLU,0.14122300,99,0.15306100,exterior,0.52577300,H,-59.00000000,-42.70000000,7,1,0,-0.32777800,-0.23722200,0.04602100,0.16479500,0.11039800,0.12531400,0.03473500,0.13355700,0.04361000,-0.63768900,1r6bX05@320.0,0.13671900,0.01006300,0.26403706
1r6bX05,320.00000000,669,LEU,0.12502400,99,0.16326500,core,0.04878000,H,-67.90000000,-41.10000000,13,0,0,-0.37722200,-0.22833300,0.07507300,0.12396200,0.10096100,0.13713000,0.04588000,0.11632400,0.03267000,-0.40053400,1r6bX05@320.0,0.10607900,0.01576200,0.18860250
1r6bX05,320.00000000,670,GLN,0.10884000,99,0.17346900,exterior,0.22222200,H,-62.10000000,-32.90000000,6,1,0,-0.34500000,-0.18277800,0.05221600,0.12493900,0.09224600,0.14060500,0.03265300,0.13960200,0.04549500,-0.69537500,1r6bX05@320.0,0.12353500,0.00891900,0.23614308
1r6bX05,320.00000000,671,VAL,0.13882700,99,0.18367300,exterior,0.54225400,H,-64.30000000,-47.90000000,22,1,0,-0.35722200,-0.26611100,0.17968800,0.28125000,0.19639800,0.19182000,0.03315700,0.22279200,0.05924400,-0.78030200,1r6bX05@320.0,0.14807100,0.00780500,0.26833681
1r6bX05,320.00000000,672,GLN,0.14742500,99,0.19387800,exterior,0.49494900,H,-63.10000000,-48.30000000,6,1,0,-0.35055600,-0.26833300,0.16149900,0.25122100,0.15557500,0.17851400,0.03534400,0.17111600,0.04016400,-0.82516900,1r6bX05@320.0,0.14868200,0.00828600,0.26219336
1r6bX05,320.00000000,673,LEU,0.11716800,99,0.20408200,core,0.03658500,H,-64.00000000,-39.70000000,13,0,0,-0.35555600,-0.22055600,0.11486800,0.19909700,0.12241700,0.18441000,0.03776400,0.14413700,0.03553500,-0.46302800,1r6bX05@320.0,0.11840800,0.01281000,0.17972011
1r6bX05,320.00000000,674,ASP,0.13332600,99,0.21428600,exterior,0.61349700,H,-63.10000000,-31.50000000,4,1,0,-0.35055600,-0.17500000,0.10693400,0.15441900,0.10741700,0.14680900,0.04590400,0.15864500,0.07297400,-0.43578700,1r6bX05@320.0,0.15466300,0.01058200,0.27800062
1r6bX05,320.00000000,675,GLN,0.16387900,99,0.22449000,exterior,0.81313100,H,-71.90000000,-22.00000000,6,1,0,-0.39944400,-0.12222200,0.16845700,0.20532200,0.15625800,0.19947700,0.02763600,0.16831900,0.03703100,0.53206000,1r6bX05@320.0,0.15625000,0.01005600,0.29927059
1r6bX05,320.00000000,676,LYS,0.15715600,99,0.23469400,exterior,0.66829300,T,-96.70000000,7.30000000,14,1,2,-0.53722200,0.04055600,0.15136700,0.16760300,0.12480600,0.20622300,0.03596100,0.16186400,0.03676000,0.32214700,1r6bX05@320.0,0.15271000,0.01200900,0.30299578
1r6bX05,320.00000000,677,GLY,0.14806800,99,0.24489800,exterior,0.58333300,T,73.50000000,25.70000000,8,1,2,0.40833300,0.14277800,0.17871100,0.12756300,0.12158300,0.17105300,0.04027000,0.14653000,0.03269700,-0.19222300,1r6bX05@320.0,0.15234400,0.01181800,0.29059721
1r6bX05,320.00000000,678,VAL,0.11469000,99,0.25510200,core,0.01408500,E,-114.30000000,125.30000000,22,0,1,-0.63500000,0.69611100,0.06298800,0.09118700,0.07006200,0.09347400,0.04735000,0.09150200,0.02359100,-0.51110000,1r6bX05@320.0,0.10040300,0.00647000,0.11075467
1r6bX05,320.00000000,679,SER,0.10706300,99,0.26530600,exterior,0.48461500,E,-100.20000000,121.80000000,18,1,1,-0.55666700,0.67666700,0.14721700,0.11639400,0.09351000,0.11295000,0.04488600,0.10847900,0.02774200,-0.34605300,1r6bX05@320.0,0.11755400,0.00590100,0.20907118
1r6bX05,320.00000000,680,LEU,0.09662300,99,0.27551000,core,0.01829300,E,-106.90000000,126.60000000,13,0,1,-0.59388900,0.70333300,0.06140100,0.11859100,0.08087200,0.11699100,0.03952800,0.10176600,0.02243100,0.03051100,1r6bX05@320.0,0.08331300,0.00914000,0.11812902
1r6bX05,320.00000000,681,GLU,0.10081000,99,0.28571400,exterior,0.58762900,E,-121.90000000,135.90000000,7,1,1,-0.67722200,0.75500000,0.07629400,0.20288100,0.10582900,0.13085900,0.04299400,0.13318600,0.03726500,0.24523200,1r6bX05@320.0,0.11016800,0.01059700,0.21938605
1r6bX05,320.00000000,682,VAL,0.09143800,99,0.29591800,core,0.04929600,E,-126.20000000,120.10000000,22,0,1,-0.70111100,0.66722200,0.09314000,0.13818400,0.08999100,0.11888700,0.04994500,0.11525800,0.03903500,-0.34765500,1r6bX05@320.0,0.07251000,0.00721400,0.12885259
1r6bX05,320.00000000,683,SER,0.09368600,99,0.30612200,exterior,0.23076900,C,-66.20000000,164.30000000,18,1,2,-0.36777800,0.91277800,0.07690400,0.17529300,0.12650900,0.14230200,0.03634800,0.16776300,0.06002400,-0.49187100,1r6bX05@320.0,0.11871300,0.01060500,0.25903758
1r6bX05,320.00000000,684,GLN,0.10594300,99,0.31632700,exterior,0.66161600,H,-58.70000000,-46.00000000,6,1,0,-0.32611100,-0.25555600,0.05658000,0.31274400,0.14392400,0.21236800,0.03179000,0.19027000,0.06439500,-0.44379900,1r6bX05@320.0,0.13171400,0.01049800,0.28217436
1r6bX05,320.00000000,685,GLU,0.10164800,99,0.32653100,exterior,0.41237100,H,-61.60000000,-41.30000000,7,1,0,-0.34222200,-0.22944400,0.12188700,0.21264600,0.10673800,0.15924500,0.04474800,0.14508000,0.03916800,-0.66332700,1r6bX05@320.0,0.12793000,0.00602000,0.25351906
1r6bX05,320.00000000,686,ALA,0.08200500,99,0.33673500,core,0.00000000,H,-66.50000000,-35.10000000,1,0,0,-0.36944400,-0.19500000,0.10900900,0.12255900,0.08734800,0.12426600,0.04718200,0.11946800,0.03586200,-0.80273600,1r6bX05@320.0,0.10107400,0.01270300,0.15058639
1r6bX05,320.00000000,687,ARG,0.08691800,99,0.34693900,core,0.17741900,H,-68.30000000,-38.60000000,2,0,0,-0.37944400,-0.21444400,0.06341600,0.12768600,0.09333100,0.11670100,0.04255300,0.12368300,0.04452000,-0.78991700,1r6bX05@320.0,0.11425800,0.00985700,0.20034500
1r6bX05,320.00000000,688,ASN,0.09695900,99,0.35714300,exterior,0.45222900,H,-59.30000000,-44.60000000,3,1,0,-0.32944400,-0.24777800,0.11639400,0.17749000,0.12402800,0.17003300,0.05185000,0.17019700,0.03680600,-0.36367900,1r6bX05@320.0,0.13317900,0.01388500,0.25989400
1r6bX05,320.00000000,689,TRP,0.09562100,99,0.36734700,core,0.08810600,H,-62.20000000,-42.10000000,20,0,0,-0.34555600,-0.23388900,0.04116800,0.16442900,0.09333500,0.14968700,0.05604300,0.13265700,0.03943300,-0.38931800,1r6bX05@320.0,0.10302700,0.00859800,0.19589388
1r6bX05,320.00000000,690,LEU,0.09816100,99,0.37755100,core,0.00000000,H,-67.60000000,-38.40000000,13,0,0,-0.37555600,-0.21333300,0.07006800,0.11126700,0.08329200,0.10313800,0.05206000,0.10837200,0.02592600,-0.02877800,1r6bX05@320.0,0.09838900,0.01327500,0.16405281
1r6bX05,320.00000000,691,ALA,0.10469900,99,0.38775500,core,0.08490600,H,-62.20000000,-44.10000000,1,0,0,-0.34555600,-0.24500000,0.13403300,0.12988300,0.11707300,0.13472000,0.04088800,0.13053600,0.03698900,-0.20183700,1r6bX05@320.0,0.11053500,0.00768300,0.20688016
1r6bX05,320.00000000,692,GLU,0.11753400,99,0.39795900,exterior,0.66494800,H,-66.40000000,-42.30000000,7,1,0,-0.36888900,-0.23500000,0.09466600,0.14685100,0.12064000,0.17117400,0.04228000,0.16354600,0.04928300,0.18434100,1r6bX05@320.0,0.14502000,0.01229100,0.27943698
1r6bX05,320.00000000,693,LYS,0.13481100,99,0.40816300,exterior,0.60000000,H,-78.90000000,-27.80000000,14,1,0,-0.43833300,-0.15444400,0.11737100,0.15429700,0.10664600,0.16989000,0.04111500,0.14263400,0.04825100,-0.00794700,1r6bX05@320.0,0.14001500,0.00968900,0.27664654
1r6bX05,320.00000000,694,GLY,0.17056900,99,0.41836700,core,0.00000000,H,-95.70000000,3.40000000,8,0,0,-0.53166700,0.01888900,0.23315400,0.12695300,0.11910900,0.17082600,0.03748100,0.14533500,0.05004800,0.09460600,1r6bX05@320.0,0.12719700,0.01203200,0.17835904
1r6bX05,320.00000000,695,TYR,0.20029800,99,0.42857100,core,0.15315300,C,-130.40000000,134.00000000,21,0,2,-0.72444400,0.74444400,0.15307600,0.10748300,0.09732300,0.14530300,0.05189200,0.13362400,0.04289500,0.23401500,1r6bX05@320.0,0.14624000,0.00819400,0.21983997
1r6bX05,320.00000000,696,ASP,0.22740700,99,0.43877600,exterior,0.53374200,B,-135.20000000,137.50000000,4,1,1,-0.75111100,0.76388900,0.21862800,0.14917000,0.11839900,0.18986900,0.03949000,0.16484100,0.05017200,0.86215400,1r6bX05@320.0,0.16601600,0.00842300,0.21103788
1r6bX05,320.00000000,697,ARG,0.25513900,99,0.44898000,exterior,0.75403200,T,-57.10000000,-31.60000000,2,1,2,-0.31722200,-0.17555600,0.22253400,0.24353000,0.17889700,0.25821900,0.02068800,0.23568500,0.06819600,0.58173500,1r6bX05@320.0,0.20996100,0.02043200,0.32227720
1r6bX05,320.00000000,698,ALA,0.32183400,99,0.45918400,exterior,0.72641500,T,-87.40000000,-21.10000000,1,1,2,-0.48555600,-0.11722200,0.16479500,0.27856400,0.19538000,0.23849400,0.02679000,0.24068600,0.06818900,-0.68095400,1r6bX05@320.0,0.22314500,0.02507000,0.31498439
1r6bX05,320.00000000,699,MET,0.31221700,99,0.46938800,exterior,0.52659600,T,-117.30000000,-4.00000000,15,1,2,-0.65166700,-0.02222200,0.23779300,0.25634800,0.21969200,0.24087100,0.02593600,0.24396700,0.04365000,-1.11680500,1r6bX05@320.0,0.21008300,0.01988200,0.28613081
1r6bX05,320.00000000,700,GLY,0.27370000,99,0.47959200,exterior,0.25000000,B,61.70000000,-141.80000000,8,1,1,0.34277800,-0.78777800,0.21020500,0.15856900,0.13623700,0.24188400,0.02559200,0.18658000,0.04063500,-1.37799600,1r6bX05@320.0,0.20532200,0.03283700,0.21867205
1r6bX05,320.00000000,701,ALA,0.23095500,99,0.48979600,exterior,0.32075500,T,-90.90000000,19.00000000,1,1,2,-0.50500000,0.10555600,0.35571300,0.14880400,0.20505600,0.23780800,0.02983900,0.23163700,0.08031200,-1.49657400,1r6bX05@320.0,0.18518100,0.02151500,0.26160865
1r6bX05,320.00000000,702,ARG,0.21288100,99,0.50000000,exterior,0.81854800,T,-57.30000000,-40.30000000,2,1,2,-0.31833300,-0.22388900,0.15747100,0.16882300,0.13860700,0.22081700,0.03261100,0.18290200,0.04409400,-1.08475800,1r6bX05@320.0,0.18627900,0.02243000,0.33177050
1r6bX05,320.00000000,703,PRO,0.17593100,99,0.51020400,exterior,0.30147100,T,-79.00000000,-4.50000000,17,1,2,-0.43888900,-0.02500000,0.18896500,0.17810100,0.13780700,0.15534600,0.03520200,0.14870700,0.03738100,-0.86843400,1r6bX05@320.0,0.16186500,0.01855500,0.26492847
1r6bX05,320.00000000,704,MET,0.14103100,99,0.52040800,core,0.00000000,H,-58.00000000,-44.20000000,15,0,0,-0.32222200,-0.24555600,0.02801500,0.12316900,0.08430400,0.12379700,0.05187100,0.11470300,0.03137800,-0.58000300,1r6bX05@320.0,0.09930400,0.01409900,0.15244521
1r6bX05,320.00000000,705,ALA,0.14077100,99,0.53061200,exterior,0.49056600,H,-57.80000000,-49.80000000,1,1,0,-0.32111100,-0.27666700,0.20849600,0.15856900,0.14716100,0.16245900,0.04075600,0.14694700,0.04847300,-0.22266800,1r6bX05@320.0,0.13720700,0.00859100,0.26222970
1r6bX05,320.00000000,706,ARG,0.13463100,99,0.54081600,exterior,0.62903200,H,-61.30000000,-43.50000000,2,1,0,-0.34055600,-0.24166700,0.26709000,0.16894500,0.15066400,0.21758000,0.02661800,0.19012300,0.04969500,-0.00634400,1r6bX05@320.0,0.12695300,0.01099400,0.27460082
1r6bX05,320.00000000,707,VAL,0.11784400,99,0.55102000,core,0.11971800,H,-62.90000000,-36.50000000,22,0,0,-0.34944400,-0.20277800,0.04950000,0.15258800,0.12709100,0.13885400,0.04497300,0.17372200,0.04351900,-0.22747500,1r6bX05@320.0,0.10174600,0.00912500,0.20105418
1r6bX05,320.00000000,708,ILE,0.11299200,99,0.56122400,core,0.01183400,H,-73.80000000,-40.20000000,12,0,0,-0.41000000,-0.22333300,0.16186500,0.10986300,0.10726800,0.14940200,0.03458800,0.12602700,0.04117600,-0.24830700,1r6bX05@320.0,0.08819600,0.00782000,0.16805837
1r6bX05,320.00000000,709,GLN,0.11535700,99,0.57142900,exterior,0.44949500,I,-64.10000000,-49.90000000,6,1,0,-0.35611100,-0.27722200,0.21936000,0.17700200,0.14004800,0.18337400,0.03682300,0.17387300,0.04026100,-0.41495600,1r6bX05@320.0,0.12622100,0.00906400,0.25978725
1r6bX05,320.00000000,710,ASP,0.12028200,99,0.58163300,exterior,0.31288300,I,-68.80000000,-36.90000000,4,1,0,-0.38222200,-0.20500000,0.23156700,0.20214800,0.14850000,0.22323600,0.02619000,0.18678000,0.03943800,-0.29637800,1r6bX05@320.0,0.11547900,0.01120800,0.24073281
1r6bX05,320.00000000,711,ASN,0.10940500,99,0.59183700,exterior,0.24840800,I,-102.10000000,-11.60000000,3,1,0,-0.56722200,-0.06444400,0.15319800,0.18176300,0.11913700,0.16089300,0.03387100,0.17400200,0.04101900,-0.16978900,1r6bX05@320.0,0.10974100,0.00981900,0.24580570
1r6bX05,320.00000000,712,LEU,0.10061700,99,0.60204100,core,0.00609800,I,-123.20000000,-31.10000000,13,0,0,-0.68444400,-0.17277800,0.15075700,0.16723600,0.12485700,0.15465400,0.04327800,0.15161000,0.03822100,0.15870200,1r6bX05@320.0,0.08392300,0.00786600,0.17519608
1r6bX05,320.00000000,713,LYS,0.11013300,99,0.61224500,exterior,0.44390200,I,-95.40000000,-53.50000000,14,1,0,-0.53000000,-0.29722200,0.09747300,0.17932100,0.11152800,0.16736500,0.03895800,0.14821400,0.03605600,0.04333000,1r6bX05@320.0,0.11773700,0.01232900,0.25779151
1r6bX05,320.00000000,714,LYS,0.13210800,99,0.62244900,exterior,0.58536600,H,-57.80000000,-42.80000000,14,1,0,-0.32111100,-0.23777800,0.10424800,0.23522900,0.11924500,0.21115200,0.03493600,0.17859000,0.04203100,0.37502600,1r6bX05@320.0,0.13049300,0.01065800,0.27330523
1r6bX05,320.00000000,715,PRO,0.12980200,99,0.63265300,exterior,0.32352900,H,-64.40000000,-7.20000000,17,1,0,-0.35777800,-0.04000000,0.04010000,0.16918900,0.10474700,0.14741800,0.03912200,0.13913000,0.03452500,0.40066400,1r6bX05@320.0,0.11523400,0.01214600,0.24504463
1r6bX05,320.00000000,716,LEU,0.11780600,99,0.64285700,core,0.01829300,H,-103.30000000,-13.90000000,13,0,0,-0.57388900,-0.07722200,0.14074700,0.15698200,0.12275300,0.16837500,0.03346500,0.14560900,0.03493300,-0.32522200,1r6bX05@320.0,0.09851100,0.01815800,0.17295181
1r6bX05,320.00000000,717,ALA,0.15103300,99,0.65306100,exterior,0.38679200,H,-54.80000000,-55.60000000,1,1,0,-0.30444400,-0.30888900,0.19116200,0.19946300,0.14765200,0.18094400,0.03662600,0.18122200,0.04473500,-0.24510200,1r6bX05@320.0,0.13855000,0.01794400,0.24303027
1r6bX05,320.00000000,718,ASN,0.17426300,99,0.66326500,exterior,0.66242000,H,-57.40000000,-44.90000000,3,1,0,-0.31888900,-0.24944400,0.13366700,0.24255400,0.15932000,0.19727800,0.02947700,0.19034800,0.03768000,-0.21946300,1r6bX05@320.0,0.15844700,0.01551100,0.28170887
1r6bX05,320.00000000,719,GLU,0.16459100,99,0.67346900,exterior,0.29896900,H,-67.10000000,-33.20000000,7,1,0,-0.37277800,-0.18444400,0.12298600,0.14685100,0.10721100,0.18657200,0.03394300,0.15168900,0.03556900,-0.40694400,1r6bX05@320.0,0.15100100,0.02183500,0.24015360
1r6bX05,320.00000000,720,LEU,0.18466300,99,0.68367300,exterior,0.29878000,H,-74.90000000,-31.30000000,13,1,0,-0.41611100,-0.17388900,0.13610800,0.15893600,0.12566000,0.21105700,0.02714000,0.17385100,0.03809300,-0.70178400,1r6bX05@320.0,0.16162100,0.01850900,0.24659653
1r6bX05,320.00000000,721,LEU,0.26025500,99,0.69387800,exterior,0.74390200,H,-90.20000000,-46.90000000,13,1,0,-0.50111100,-0.26055600,0.32592800,0.19201700,0.26396100,0.26792700,0.03612700,0.22621500,0.07499500,-0.42617300,1r6bX05@320.0,0.19604500,0.02714500,0.29865994
1r6bX05,320.00000000,722,PHE,0.27880000,99,0.70408200,exterior,0.74619300,H,-142.10000000,45.80000000,16,1,0,-0.78944400,0.25444400,0.36523400,0.22241200,0.33153600,0.33733400,0.01599500,0.32972400,0.04876900,0.13306400,1r6bX05@320.0,0.19824200,0.02429200,0.30086955
1r6bX05,320.00000000,723,GLY,0.27583500,99,0.71428600,exterior,0.33333300,S,-144.60000000,-150.40000000,8,1,2,-0.80333300,-0.83555600,0.26586900,0.21643100,0.19054000,0.23931200,0.02345800,0.23866400,0.04280400,-0.25311400,1r6bX05@320.0,0.18505900,0.02108800,0.27168868
1r6bX05,320.00000000,724,SER,0.28232900,99,0.72449000,exterior,0.20769200,T,-66.60000000,-25.10000000,18,1,2,-0.37000000,-0.13944400,0.26879900,0.15942400,0.16690100,0.18891900,0.03307900,0.18575900,0.05873200,-0.79151900,1r6bX05@320.0,0.17199700,0.01863100,0.26292055
1r6bX05,320.00000000,725,LEU,0.20319500,99,0.73469400,core,0.01219500,T,-89.50000000,2.70000000,13,0,2,-0.49722200,0.01500000,0.17919900,0.14392100,0.12255000,0.18006800,0.03988500,0.15478800,0.05043200,-1.43888700,1r6bX05@320.0,0.13769500,0.02177400,0.18588051
1r6bX05,320.00000000,726,VAL,0.25736800,99,0.74489800,exterior,0.50704200,T,-50.00000000,-46.80000000,22,1,2,-0.27777800,-0.26000000,0.23791500,0.20739700,0.18656000,0.20729000,0.03479800,0.21641600,0.04702000,-0.79632600,1r6bX05@320.0,0.18042000,0.01925700,0.28747701
1r6bX05,320.00000000,727,ASP,0.24414100,99,0.75510200,exterior,0.87730100,T,-106.20000000,26.40000000,4,1,2,-0.59000000,0.14666700,0.20654300,0.20239300,0.16691900,0.18089000,0.04537800,0.19502400,0.05286200,0.14908800,1r6bX05@320.0,0.17504900,0.01988200,0.34409604
1r6bX05,320.00000000,728,GLY,0.23901100,99,0.76530600,core,0.03571400,C,103.60000000,178.70000000,8,0,2,0.57555600,0.99277800,0.15539600,0.14611800,0.11318700,0.16027300,0.04371500,0.14579400,0.04417200,0.15229300,1r6bX05@320.0,0.13574200,0.01469400,0.20356773
1r6bX05,320.00000000,729,GLY,0.14298600,99,0.77551000,core,0.11904800,E,143.90000000,-163.70000000,8,0,1,0.79944400,-0.90944400,0.21704100,0.09845000,0.10852200,0.16884200,0.03786400,0.12561700,0.04098800,-0.53513600,1r6bX05@320.0,0.12005600,0.01853900,0.17938131
1r6bX05,320.00000000,730,GLN,0.12063900,99,0.78571400,exterior,0.51010100,E,-125.90000000,146.60000000,6,1,1,-0.69944400,0.81444400,0.14343300,0.09118700,0.08753800,0.12039000,0.04739700,0.12517700,0.03858200,-0.02557400,1r6bX05@320.0,0.10693400,0.01309200,0.21084528
1r6bX05,320.00000000,731,VAL,0.10143000,99,0.79591800,core,0.00000000,E,-128.10000000,125.10000000,22,0,1,-0.71166700,0.69500000,0.07476800,0.09118700,0.06788700,0.12030400,0.04790800,0.08619900,0.02023600,-0.28676400,1r6bX05@320.0,0.08569300,0.01231400,0.10870636
1r6bX05,320.00000000,732,THR,0.10112200,99,0.80612200,exterior,0.37323900,E,-113.90000000,120.60000000,19,1,1,-0.63277800,0.67000000,0.07592800,0.09118700,0.07189400,0.10217300,0.05819700,0.09037300,0.02345700,0.33015900,1r6bX05@320.0,0.10907000,0.01131400,0.17975337
1r6bX05,320.00000000,733,VAL,0.08795100,99,0.81632700,core,0.00704200,E,-106.90000000,119.90000000,22,0,1,-0.59388900,0.66611100,-0.00148100,0.09118700,0.06766500,0.09890600,0.04396300,0.08091700,0.02984600,-0.01275400,1r6bX05@320.0,0.08703600,0.01608300,0.11653032
1r6bX05,320.00000000,734,ALA,0.09092900,99,0.82653100,exterior,0.25471700,E,-127.20000000,-174.00000000,1,1,1,-0.70666700,-0.96666700,0.08477800,0.09198000,0.08197900,0.11122600,0.04361100,0.10595400,0.02927200,-0.05922400,1r6bX05@320.0,0.11682100,0.01213100,0.20802419
1r6bX05,320.00000000,735,LEU,0.10045300,99,0.83673500,core,0.09756100,E,-122.90000000,128.40000000,13,0,1,-0.68277800,0.71333300,0.08496100,0.11804200,0.09979800,0.14039000,0.04537200,0.12461900,0.03070400,-0.19222300,1r6bX05@320.0,0.09857200,0.01429700,0.14384135
1r6bX05,320.00000000,736,ASP,0.13695300,99,0.84693900,exterior,0.40490800,E,-85.00000000,97.50000000,4,1,1,-0.47222200,0.54166700,0.16357400,0.12646500,0.10118200,0.15521900,0.03199800,0.14955600,0.04030800,-0.15857200,1r6bX05@320.0,0.12054400,0.01394700,0.20438936
1r6bX05,320.00000000,737,LYS,0.19650400,99,0.85714300,exterior,0.62926800,G,-42.50000000,-67.80000000,14,1,0,-0.23611100,-0.37666700,0.17114300,0.29760700,0.15699500,0.20716200,0.03160700,0.19322500,0.05944200,1.38133100,1r6bX05@320.0,0.16809100,0.01131400,0.27880296
1r6bX05,320.00000000,738,GLU,0.21560800,99,0.86734700,exterior,1.00000000,G,-88.10000000,53.50000000,7,1,0,-0.48944400,0.29722200,0.25927700,0.40039100,0.27003400,0.42165500,0.04601700,0.38213000,0.08258800,2.35558800,1r6bX05@320.0,0.18115200,0.01319100,0.34576546
1r6bX05,320.00000000,739,LYS,0.19537900,99,0.87755100,exterior,0.66341500,G,-157.10000000,-19.30000000,14,1,0,-0.87277800,-0.10722200,0.24548300,0.28222700,0.17385800,0.31910800,0.02463500,0.24654800,0.05781400,2.50941800,1r6bX05@320.0,0.16638200,0.01393900,0.30409766
1r6bX05,320.00000000,740,ASN,0.16763100,99,0.88775500,exterior,0.50318500,T,48.20000000,50.10000000,3,1,2,0.26777800,0.27833300,0.19848600,0.20654300,0.15165400,0.24679500,0.02570000,0.22228700,0.06901000,2.49980400,1r6bX05@320.0,0.16320800,0.01271100,0.29445821
1r6bX05,320.00000000,741,GLU,0.14347300,99,0.89795900,exterior,0.59278400,E,-144.40000000,144.80000000,7,1,1,-0.80222200,0.80444400,0.11578400,0.22338900,0.12761100,0.20270300,0.03118900,0.22648800,0.07294900,2.10080700,1r6bX05@320.0,0.14135700,0.01347400,0.24125941
1r6bX05,320.00000000,742,LEU,0.10993300,99,0.90816300,core,0.07926800,E,-69.10000000,149.90000000,13,0,1,-0.38388900,0.83277800,0.11279300,0.13952600,0.10072500,0.15984400,0.04174800,0.14108000,0.04535200,1.06565900,1r6bX05@320.0,0.09783900,0.01096300,0.15728009
1r6bX05,320.00000000,743,THR,0.11727100,99,0.91836700,exterior,0.42253500,E,-112.50000000,143.60000000,19,1,1,-0.62500000,0.79777800,0.18737800,0.11425800,0.09254200,0.13683900,0.04747100,0.13426200,0.04632800,0.53847000,1r6bX05@320.0,0.12500000,0.01033000,0.19979028
1r6bX05,320.00000000,744,TYR,0.12216300,99,0.92857100,exterior,0.32882900,E,-127.90000000,120.30000000,21,1,1,-0.71055600,0.66833300,0.06384300,0.12536600,0.08435200,0.14696800,0.03769100,0.11955100,0.03647000,0.06255800,1r6bX05@320.0,0.12066700,0.01226800,0.17846299
1r6bX05,320.00000000,745,GLY,0.13124700,99,0.93877600,exterior,0.36904800,E,-117.10000000,136.80000000,8,1,1,-0.65055600,0.76000000,0.05914300,0.10992400,0.10059400,0.15786900,0.04352500,0.11730700,0.03120400,0.12825600,1r6bX05@320.0,0.13317900,0.00845300,0.18240962
1r6bX05,320.00000000,746,PHE,0.15341900,99,0.94898000,exterior,0.35025400,E,-125.80000000,146.70000000,16,1,1,-0.69888900,0.81500000,0.12188700,0.11505100,0.09136600,0.15369400,0.03357900,0.12614200,0.04708000,0.10742600,1r6bX05@320.0,0.13208000,0.00678600,0.18285478
1r6bX05,320.00000000,747,GLN,0.22834800,99,0.95918400,exterior,0.44949500,E,-146.90000000,126.90000000,6,1,1,-0.81611100,0.70500000,0.15271000,0.13342300,0.10099300,0.16769700,0.03799700,0.15298600,0.10282700,0.33977300,1r6bX05@320.0,0.15869100,0.01620500,0.22314739
1r6bX05,320.00000000,748,SER,0.32182700,99,0.96938800,exterior,0.39230800,E,-70.00000000,162.90000000,18,1,1,-0.38888900,0.90500000,0.21276900,0.13439900,0.10555000,0.21033600,0.03434300,0.15794500,0.06765800,1.24192200,1r6bX05@320.0,0.23461900,0.03445400,0.21618317
1r6bX05,320.00000000,749,ALA,0.48107200,99,0.97959200,exterior,0.56603800,T,-77.40000000,51.10000000,1,1,2,-0.43000000,0.28388900,0.28442400,0.18933100,0.22290600,0.34244000,0.02543200,0.33674900,0.14817900,2.57671800,1r6bX05@320.0,0.37988300,0.05035400,0.50693823
1r6bX05,320.00000000,750,GLN,0.65879100,99,0.98979600,exterior,0.83838400,T,-141.50000000,26.50000000,6,1,2,-0.78611100,0.14722200,0.56347700,0.41406200,0.48402900,0.52255100,0.07572100,0.59277400,0.16250100,4.07816500,1r6bX05@320.0,0.47924800,0.04141200,0.68756123
1r6bX05,320.00000000,751,LYS,0.84971900,99,1.00000000,exterior,1.00000000,C,18.50000000,360.00000000,14,1,2,0.10277800,2.00000000,0.72265600,1.02441400,0.89931900,0.78945000,0.09367800,0.91443500,0.21973200,4.77520700,1r6bX05@320.0,0.77783200,0.04840100,0.76114260